query	taxonomy_majority	taxonomy_strict	species	genus	family	order	class	phylum	domain	avgdist	order_dup	estimated_completeness	estimated_contamination	contamination_type	gvog4_unique	gvog8_unique	gvog8_total	gvog8_dup	ncldv_mcp_total	mcp_total	vp_completeness	vp_mcp	plv	vp_df	mirus_completeness	mirus_df	mrya_unique	mrya_total	phage_unique	phage_total	cellular_dup	contigs	LENbp	GCperc	genecount	CODINGperc	ttable
ERR14872774_NODE_186_length_52281_cov_9.344311	d_NCLDV;p_Nucleocytoviricota;c_Megaviricetes;o_Imitervirales;f_IM_12;g_g300;s_	d_NCLDV;p_Nucleocytoviricota;c_Megaviricetes;o_Imitervirales;f_IM_12;g_g300;s_	NCLDV__S592:1(50.00%),NCLDV__S1043:1(50.00%)	NCLDV__g300:2(100.00%)	NCLDV__IM_12:2(100.00%)	NCLDV__Imitervirales:2(100.00%)	NCLDV__Megaviricetes:2(100.00%)	NCLDV__Nucleocytoviricota:2(100.00%)	NCLDV:2(100.00%)	0.23	1.00	43.57	1.95	clean	1	2	2	1.00	0	0	0/4	0	0	0.00	0/4	0.00	0	0	0	0	1.00	1	52281	25.05	57	93.80	codemeta
ERR14872774_NODE_308_length_35770_cov_8.509366	d_NCLDV;p_Nucleocytoviricota;c_Megaviricetes;o_Imitervirales;f_IM_12;g_g300;s_S1043	d_NCLDV;p_Nucleocytoviricota;c_Megaviricetes;o_Imitervirales;f_IM_12;g_g300;s_	NCLDV__S1043:4(57.14%),NCLDV__singleton:3(42.86%)	NCLDV__g300:7(100.00%)	NCLDV__IM_12:7(100.00%)	NCLDV__Imitervirales:7(100.00%)	NCLDV__Megaviricetes:7(100.00%)	NCLDV__Nucleocytoviricota:7(100.00%)	NCLDV:7(100.00%)	0.07	1.00	34.53	1.95	clean	0	1	1	1.00	2	2	0/4	0	0	0.00	0/4	0.00	2	3	0	0	1.00	1	35770	25.47	37	94.55	codemeta
ERR14872774_NODE_333_length_34521_cov_9.769512	d_NCLDV;p_Nucleocytoviricota;c_Megaviricetes;o_Imitervirales;f_IM_12;g_g300;s_	d_NCLDV;p_Nucleocytoviricota;c_Megaviricetes;o_Imitervirales;f_IM_12;g_g300;s_	NCLDV__S2209:1(50.00%),NCLDV__S883:1(50.00%)	NCLDV__g300:2(100.00%)	NCLDV__IM_12:2(100.00%)	NCLDV__Imitervirales:2(100.00%)	NCLDV__Megaviricetes:2(100.00%)	NCLDV__Nucleocytoviricota:2(100.00%)	NCLDV:2(100.00%)	0.27	1.00	29.27	1.93	clean	1	1	1	1.00	0	0	0/4	0	0	0.00	0/4	0.00	0	0	0	0	1.00	1	34521	27.07	32	92.27	106
ERR14872774_NODE_75_length_82753_cov_9.842596	d_NCLDV;p_Nucleocytoviricota;c_Megaviricetes;o_Imitervirales;f_IM_12;g_g300;s_singleton	d_;p_;c_;o_;f_;g_;s_	NCLDV__singleton:5(55.56%),NCLDV__S1043:2(22.22%),NCLDV__S1572:1(11.11%),ARC__JANXER01 sp029887765:1(11.11%)	NCLDV__g300:7(77.78%),NCLDV__g175:1(11.11%),ARC__JANXER01:1(11.11%)	NCLDV__IM_12:7(77.78%),NCLDV__AG_04:1(11.11%),ARC__Methanomethylicaceae:1(11.11%)	NCLDV__Imitervirales:7(77.78%),NCLDV__Algavirales:1(11.11%),ARC__Methanomethylicales:1(11.11%)	NCLDV__Megaviricetes:8(88.89%),ARC__Methanomethylicia:1(11.11%)	NCLDV__Nucleocytoviricota:8(88.89%),ARC__Thermoproteota:1(11.11%)	NCLDV:8(88.89%),ARC:1(11.11%)	0.68	1.00	41.79	0.07	clean	2	2	2	1.00	1	1	0/4	0	0	0.00	0/4	0.00	2	2	0	0	0.80	1	82753	25.77	86	95.06	codemeta
ERR14872777_NODE_101_length_54692_cov_19.724985	d_NCLDV;p_Nucleocytoviricota;c_Megaviricetes;o_Imitervirales;f_IM_12;g_g1905;s_singleton	d_NCLDV;p_Nucleocytoviricota;c_Megaviricetes;o_Imitervirales;f_IM_12;g_g1905;s_singleton	NCLDV__singleton:4(100.00%)	NCLDV__g1905:4(100.00%)	NCLDV__IM_12:4(100.00%)	NCLDV__Imitervirales:4(100.00%)	NCLDV__Megaviricetes:4(100.00%)	NCLDV__Nucleocytoviricota:4(100.00%)	NCLDV:4(100.00%)	0.16	0.00	22.86	1.96	clean	0	1	1	1.00	1	1	0/4	0	0	0.00	0/4	0.00	2	2	0	0	0	1	54692	28.45	46	93.15	129
ERR14872777_NODE_106_length_53522_cov_16.453102	d_NCLDV;p_Nucleocytoviricota;c_NA;o_Asfuvirales;f_A02;g_g_;s_singleton	d_NCLDV;p_Nucleocytoviricota;c_NA;o_Asfuvirales;f_A02;g_g_;s_singleton	NCLDV__singleton:1(100.00%)	NCLDV__g_:1(100.00%)	NCLDV__A02:1(100.00%)	NCLDV__Asfuvirales:1(100.00%)	NCLDV__NA:1(100.00%)	NCLDV__Nucleocytoviricota:1(100.00%)	NCLDV:1(100.00%)	1.79	1.00	19.58	1.91	clean	0	1	1	1.00	0	0	0/4	0	0	0.00	0/4	0.00	0	0	0	0	0	1	53522	22.24	38	93.70	129
ERR14872777_NODE_111_length_52561_cov_10.705310	d_NCLDV;p_Nucleocytoviricota;c_Megaviricetes;o_Imitervirales;f_IM_01;g_g342;s_	d_NCLDV;p_Nucleocytoviricota;c_Megaviricetes;o_Imitervirales;f_IM_01;g_g342;s_	NCLDV__S2296:1(50.00%),NCLDV__S51:1(50.00%)	NCLDV__g342:2(100.00%)	NCLDV__IM_01:2(100.00%)	NCLDV__Imitervirales:2(100.00%)	NCLDV__Megaviricetes:2(100.00%)	NCLDV__Nucleocytoviricota:2(100.00%)	NCLDV:2(100.00%)	0.44	1.00	32.48	1.93	clean	1	2	2	1.00	0	0	0/4	0	0	0.00	0/4	0.00	0	0	0	0	0	1	52561	22.82	54	95.47	4
ERR14872777_NODE_117_length_50263_cov_15.779637	d_NCLDV;p_Nucleocytoviricota;c_Megaviricetes;o_Imitervirales;f_IM_16;g_g229;s_S1493	d_NCLDV;p_Nucleocytoviricota;c_Megaviricetes;o_Imitervirales;f_IM_16;g_g229;s_S1493	NCLDV__S1493:1(100.00%)	NCLDV__g229:1(100.00%)	NCLDV__IM_16:1(100.00%)	NCLDV__Imitervirales:1(100.00%)	NCLDV__Megaviricetes:1(100.00%)	NCLDV__Nucleocytoviricota:1(100.00%)	NCLDV:1(100.00%)	0.87	0.00	21.76	1.96	clean	0	0	0	0	0	0	0/4	0	0	0.00	0/4	0.00	0	0	0	0	1.00	1	50263	22.48	36	88.68	106
ERR14872777_NODE_118_length_50144_cov_20.226856	d_NCLDV;p_Nucleocytoviricota;c_Megaviricetes;o_Algavirales;f_AG_03;g_g930;s_singleton	d_;p_;c_;o_;f_;g_;s_	NCLDV__singleton:9(75.00%),PLV__MCP in Pyramimonas sp CCMP1952:1(8.33%),EUK__Longamoebia sp.2 P10K:1(8.33%),NCLDV__S1282:1(8.33%)	NCLDV__g930:8(66.67%),PLV__MCP in Pyramimonas:1(8.33%),NCLDV__g929:1(8.33%),EUK__Longamoebia:1(8.33%),NCLDV__g197:1(8.33%)	NCLDV__AG_03:10(83.33%),PLV__NA:1(8.33%),EUK__NA:1(8.33%)	NCLDV__Algavirales:10(83.33%),PLV__MCP in Pyramimonadales:1(8.33%),EUK__NA:1(8.33%)	NCLDV__Megaviricetes:10(83.33%),PLV__MCP in Pyramimonadales:1(8.33%),EUK__NA:1(8.33%)	NCLDV__Nucleocytoviricota:10(83.33%),PLV__MCP in Chlorophyta:1(8.33%),EUK__Amoebozoa:1(8.33%)	NCLDV:10(83.33%),PLV:1(8.33%),EUK:1(8.33%)	0.48	1.09	62.62	1.93	clean	1	4	4	1.00	2	2	1/4	0	1	0.25	0/4	0.00	3	4	0	0	0	1	50144	43.37	65	87.29	1
ERR14872777_NODE_145_length_45216_cov_10.567835	d_NCLDV;p_Nucleocytoviricota;c_Megaviricetes;o_Imitervirales;f_IM_01;g_g342;s_singleton	d_NCLDV;p_Nucleocytoviricota;c_;o_Imitervirales;f_;g_;s_	NCLDV__singleton:4(80.00%),NCLDV__S51:1(20.00%)	NCLDV__g342:3(60.00%),NCLDV__g301:2(40.00%)	NCLDV__IM_01:3(60.00%),NCLDV__IM_12:2(40.00%)	NCLDV__Imitervirales:5(100.00%)	NCLDV__Megaviricetes:3(60.00%),NCLDV__NA:2(40.00%)	NCLDV__Nucleocytoviricota:5(100.00%)	NCLDV:5(100.00%)	0.17	1.00	49.95	1.92	clean	0	2	2	1.00	1	1	0/4	0	0	0.00	0/4	0.00	2	2	0	0	0	1	45216	23.52	55	92.97	codemeta
ERR14872777_NODE_155_length_43533_cov_19.968398	d_NCLDV;p_Nucleocytoviricota;c_Megaviricetes;o_Imitervirales;f_IM_12;g_;s_	d_NCLDV;p_Nucleocytoviricota;c_Megaviricetes;o_Imitervirales;f_IM_12;g_;s_	NCLDV__S843:1(50.00%),NCLDV__singleton:1(50.00%)	NCLDV__g304:1(50.00%),NCLDV__g1905:1(50.00%)	NCLDV__IM_12:2(100.00%)	NCLDV__Imitervirales:2(100.00%)	NCLDV__Megaviricetes:2(100.00%)	NCLDV__Nucleocytoviricota:2(100.00%)	NCLDV:2(100.00%)	0.74	1.00	48.02	1.92	clean	0	1	1	1.00	0	0	0/4	0	0	0.00	0/4	0.00	1	1	0	0	0	1	43533	28.83	48	89.39	codemeta
ERR14872777_NODE_20_length_137217_cov_20.093298	d_NCLDV;p_Nucleocytoviricota;c_Megaviricetes;o_Imitervirales;f_IM_12;g_;s_singleton	d_;p_;c_;o_;f_;g_;s_	NCLDV__singleton:9(69.23%),PLV__MCP in Acanthocystis sp.2 P10K:1(7.69%),EUK__Entodinium caudatum:1(7.69%),EUK__Synura sp. LO234KE:1(7.69%),NCLDV__S2389:1(7.69%)	NCLDV__g1905:4(30.77%),PLV__MCP in Acanthocystis:1(7.69%),NCLDV__g1907:1(7.69%),EUK__Entodinium:1(7.69%),NCLDV__g1685:1(7.69%),NCLDV__g1904:1(7.69%),EUK__Synura:1(7.69%),NCLDV__g309:1(7.69%),NCLDV__g304:1(7.69%),NCLDV__g_:1(7.69%)	NCLDV__IM_12:9(69.23%),PLV__NA:1(7.69%),EUK__Ophryoscolecidae:1(7.69%),NCLDV__IM_07:1(7.69%),EUK__Mallomonadaceae:1(7.69%)	NCLDV__Imitervirales:10(76.92%),PLV__NA:1(7.69%),EUK__NA:1(7.69%),EUK__Synurales:1(7.69%)	NCLDV__Megaviricetes:9(69.23%),PLV__NA:1(7.69%),EUK__Alveolata:1(7.69%),EUK__Stramenopiles:1(7.69%),NCLDV__NA:1(7.69%)	NCLDV__Nucleocytoviricota:10(76.92%),EUK__Sar:2(15.38%),PLV__MCP in Heliozoa:1(7.69%)	NCLDV:10(76.92%),EUK:2(15.38%),PLV:1(7.69%)	1.01	1.06	89.65	0.11	clean	4	5	5	1.00	0	0	1/4	0	1	0.25	0/4	0.00	2	2	0	0	1.00	1	137217	28.40	137	94.28	1
ERR14872777_NODE_216_length_35230_cov_18.204805	d_NCLDV;p_Nucleocytoviricota;c_Megaviricetes;o_Imitervirales;f_IM_12;g_g303;s_singleton	d_NCLDV;p_Nucleocytoviricota;c_Megaviricetes;o_Imitervirales;f_IM_12;g_g303;s_singleton	NCLDV__singleton:1(100.00%)	NCLDV__g303:1(100.00%)	NCLDV__IM_12:1(100.00%)	NCLDV__Imitervirales:1(100.00%)	NCLDV__Megaviricetes:1(100.00%)	NCLDV__Nucleocytoviricota:1(100.00%)	NCLDV:1(100.00%)	1.19	0.00	22.86	1.96	clean	0	0	0	0	0	0	0/4	0	0	0.00	0/4	0.00	0	0	0	0	1.00	1	35230	48.93	34	86.67	codemeta
ERR14872777_NODE_249_length_32110_cov_20.287506	d_;p_;c_;o_;f_;g_;s_	d_;p_;c_;o_;f_;g_;s_								0.00	0.00	0.00	1.93	clean	0	0	0	0	0	0	0/4	0	0	0.00	0/4	0.00	0	0	0	0	0	1	32110	28.99	35	94.62	106
ERR14872777_NODE_57_length_78156_cov_19.025800	d_EUK;p_Ciliophora;c_NA;o_NA;f_NA;g_Telotrochidium;s_Telotrochidium sp.1 P10K	d_EUK;p_Ciliophora;c_NA;o_NA;f_NA;g_Telotrochidium;s_Telotrochidium sp.1 P10K	EUK__Telotrochidium sp.1 P10K:1(100.00%)	EUK__Telotrochidium:1(100.00%)	EUK__NA:1(100.00%)	EUK__NA:1(100.00%)	EUK__NA:1(100.00%)	EUK__Ciliophora:1(100.00%)	EUK:1(100.00%)	1.13	0.00	0.00	1.93	clean	1	2	2	1.00	0	0	0/4	0	0	0.00	0/4	0.00	0	0	0	0	0	1	78156	47.04	92	92.27	codemeta
ERR14872777_NODE_78_length_64484_cov_17.242375	d_NCLDV;p_Nucleocytoviricota;c_;o_;f_;g_;s_	d_;p_;c_;o_;f_;g_;s_	EUK__Centropyxidae sp.2 P10K:1(20.00%),NCLDV__S1662:1(20.00%),NCLDV__singleton:1(20.00%),NCLDV__MCP in Euglena gracilis:1(20.00%),NCLDV__S1340:1(20.00%)	EUK__Centropyxidae:1(20.00%),NCLDV__g61:1(20.00%),NCLDV__g363:1(20.00%),NCLDV__MCP in Euglena:1(20.00%),NCLDV__g38:1(20.00%)	NCLDV__AF_03:2(40.00%),EUK__NA:1(20.00%),NCLDV__PM_07:1(20.00%),NCLDV__MCP in Euglenaceae:1(20.00%)	NCLDV__Asfuvirales:2(40.00%),EUK__NA:1(20.00%),NCLDV__Pimascovirales:1(20.00%),NCLDV__MCP in Euglenales:1(20.00%)	NCLDV__Pokkesviricetes:2(40.00%),EUK__NA:1(20.00%),NCLDV__Megaviricetes:1(20.00%),NCLDV__MCP in Euglenozoa:1(20.00%)	NCLDV__Nucleocytoviricota:3(60.00%),EUK__Amoebozoa:1(20.00%),NCLDV__MCP in Discoba:1(20.00%)	NCLDV:4(80.00%),EUK:1(20.00%)	1.08	1.00	41.75	1.95	clean	2	2	2	1.00	1	1	0/4	0	0	0.00	0/4	0.00	0	0	0	0	1.00	1	64484	21.66	38	95.64	4
ERR14872777_NODE_8_length_176732_cov_16.217617	d_;p_;c_;o_;f_;g_;s_	d_;p_;c_;o_;f_;g_;s_	EUK__Bacillariophyta sp.:2(16.67%),NCLDV__S1662:2(16.67%),NCLDV__singleton:2(16.67%),EUK__Schizochytrium sp. CCTCC M209059:1(8.33%),PLV__MCP in Euglena gracilis:1(8.33%),EUK__Globisporangium alternatum:1(8.33%),NCLDV__MCP in Mayorella sp.1 P10K:1(8.33%),EUK__Euglena gracilis:1(8.33%),NCLDV__S1619:1(8.33%)	EUK__Bacillariophyta:2(16.67%),NCLDV__g61:2(16.67%),EUK__Schizochytrium:1(8.33%),PLV__MCP in Euglena:1(8.33%),EUK__Globisporangium:1(8.33%),NCLDV__MCP in Mayorella:1(8.33%),NCLDV__g38:1(8.33%),NCLDV__g361:1(8.33%),EUK__Euglena:1(8.33%),NCLDV__g15:1(8.33%)	EUK__NA:2(16.67%),NCLDV__PM_07:2(16.67%),NCLDV__AF_03:2(16.67%),EUK__Thraustochytriidae:1(8.33%),PLV__MCP in Euglenaceae:1(8.33%),EUK__Pythiaceae:1(8.33%),NCLDV__NA:1(8.33%),EUK__Euglenaceae:1(8.33%),NCLDV__AF_02:1(8.33%)	EUK__NA:3(25.00%),NCLDV__Asfuvirales:3(25.00%),NCLDV__Pimascovirales:2(16.67%),PLV__MCP in Euglenales:1(8.33%),EUK__Pythiales:1(8.33%),NCLDV__NA:1(8.33%),EUK__Euglenales:1(8.33%)	EUK__Stramenopiles:4(33.33%),NCLDV__Pokkesviricetes:3(25.00%),NCLDV__Megaviricetes:2(16.67%),PLV__MCP in Euglenozoa:1(8.33%),NCLDV__NA:1(8.33%),EUK__Euglenozoa:1(8.33%)	NCLDV__Nucleocytoviricota:5(41.67%),EUK__Sar:4(33.33%),PLV__MCP in Discoba:1(8.33%),NCLDV__MCP in Amoebozoa:1(8.33%),EUK__Discoba:1(8.33%)	NCLDV:6(50.00%),EUK:5(41.67%),PLV:1(8.33%)	1.38	0.00	0.00	0.03	clean	2	4	4	1.00	1	1	0/4	0	1	0.00	0/4	0.00	2	2	0	0	1.00	1	176732	21.38	167	90.40	codemeta
ERR14872779_NODE_157_length_56008_cov_8.994245	d_;p_;c_;o_;f_;g_;s_	d_;p_;c_;o_;f_;g_;s_								0.00	0.00	0.00	1.93	clean	0	0	0	0	0	0	1/4	0	0	0.25	0/4	0.00	0	0	0	0	1.00	1	56008	35.36	30	92.60	106
ERR14872781_NODE_137_length_51994_cov_10.210324	d_NCLDV;p_Nucleocytoviricota;c_Megaviricetes;o_Algavirales;f_AG_01;g_;s_	d_NCLDV;p_;c_;o_;f_;g_;s_	NCLDV__S31:2(33.33%),NCLDV__singleton:2(33.33%),NCLDV__S1151:1(16.67%),NCLDV__MCP in Longamoebia sp.2 P10K:1(16.67%)	NCLDV__g1068:2(33.33%),NCLDV__g1163:2(33.33%),NCLDV__g1065:1(16.67%),NCLDV__MCP in Longamoebia:1(16.67%)	NCLDV__AG_01:5(83.33%),NCLDV__NA:1(16.67%)	NCLDV__Algavirales:5(83.33%),NCLDV__NA:1(16.67%)	NCLDV__Megaviricetes:5(83.33%),NCLDV__NA:1(16.67%)	NCLDV__Nucleocytoviricota:5(83.33%),NCLDV__MCP in Amoebozoa:1(16.67%)	NCLDV:6(100.00%)	0.60	1.07	67.36	1.93	clean	0	1	1	1.00	2	2	0/4	0	0	0.00	0/4	0.00	2	3	0	0	0	1	51994	34.96	66	95.95	codemeta
ERR14872781_NODE_164_length_46454_cov_6.790211	d_NCLDV;p_Nucleocytoviricota;c_Megaviricetes;o_Algavirales;f_AG_04;g_g172;s_S386	d_NCLDV;p_Nucleocytoviricota;c_Megaviricetes;o_Algavirales;f_AG_04;g_g172;s_S386	NCLDV__S386:1(100.00%)	NCLDV__g172:1(100.00%)	NCLDV__AG_04:1(100.00%)	NCLDV__Algavirales:1(100.00%)	NCLDV__Megaviricetes:1(100.00%)	NCLDV__Nucleocytoviricota:1(100.00%)	NCLDV:1(100.00%)	1.33	1.07	57.35	1.93	clean	0	0	0	0	0	0	0/4	0	0	0.00	0/4	0.00	1	1	0	0	0	1	46454	25.93	49	93.31	106
ERR14872781_NODE_192_length_41414_cov_9.182886	d_NCLDV;p_Nucleocytoviricota;c_Megaviricetes;o_Algavirales;f_AG_01;g_g1068;s_S31	d_NCLDV;p_Nucleocytoviricota;c_Megaviricetes;o_Algavirales;f_AG_01;g_;s_	NCLDV__S31:2(66.67%),NCLDV__S718:1(33.33%)	NCLDV__g1068:2(66.67%),NCLDV__g1066:1(33.33%)	NCLDV__AG_01:3(100.00%)	NCLDV__Algavirales:3(100.00%)	NCLDV__Megaviricetes:3(100.00%)	NCLDV__Nucleocytoviricota:3(100.00%)	NCLDV:3(100.00%)	0.12	1.24	70.35	1.79	clean	0	1	1	1.00	1	1	0/4	0	0	0.00	0/4	0.00	1	1	0	0	0	1	41414	33.18	54	96.11	codemeta
ERR14872781_NODE_279_length_31534_cov_6.804505	d_NCLDV;p_Nucleocytoviricota;c_Megaviricetes;o_Algavirales;f_AG_04;g_g174;s_singleton	d_NCLDV;p_Nucleocytoviricota;c_Megaviricetes;o_Algavirales;f_AG_04;g_g174;s_singleton	NCLDV__singleton:1(100.00%)	NCLDV__g174:1(100.00%)	NCLDV__AG_04:1(100.00%)	NCLDV__Algavirales:1(100.00%)	NCLDV__Megaviricetes:1(100.00%)	NCLDV__Nucleocytoviricota:1(100.00%)	NCLDV:1(100.00%)	0.59	1.00	47.34	1.92	clean	0	1	1	1.00	0	0	0/4	0	0	0.00	0/4	0.00	0	0	0	0	0	1	31534	26.51	33	94.97	6
ERR14872782_NODE_108_length_40404_cov_9.332623	d_NCLDV;p_Nucleocytoviricota;c_Megaviricetes;o_Algavirales;f_AG_01;g_g1068;s_S31	d_NCLDV;p_Nucleocytoviricota;c_Megaviricetes;o_Algavirales;f_AG_01;g_;s_	NCLDV__S31:2(66.67%),NCLDV__S718:1(33.33%)	NCLDV__g1068:2(66.67%),NCLDV__g1066:1(33.33%)	NCLDV__AG_01:3(100.00%)	NCLDV__Algavirales:3(100.00%)	NCLDV__Megaviricetes:3(100.00%)	NCLDV__Nucleocytoviricota:3(100.00%)	NCLDV:3(100.00%)	0.12	1.24	70.35	1.79	clean	0	1	1	1.00	1	1	0/4	0	0	0.00	0/4	0.00	1	1	0	0	0	1	40404	33.09	53	96.34	codemeta
ERR14872782_NODE_132_length_37257_cov_6.233509	d_NCLDV;p_Nucleocytoviricota;c_Megaviricetes;o_Algavirales;f_AG_04;g_;s_	d_;p_;c_;o_;f_;g_;s_	NCLDV__singleton:4(40.00%),NCLDV__S440:3(30.00%),NCLDV__S276:2(20.00%),PLV__MCP in Prorocentrum cordatum:1(10.00%)	NCLDV__g172:3(30.00%),NCLDV__g926:3(30.00%),NCLDV__g182:2(20.00%),PLV__MCP in Prorocentrum:1(10.00%),NCLDV__g168:1(10.00%)	NCLDV__AG_04:7(70.00%),NCLDV__AG_01:2(20.00%),PLV__MCP in Prorocentraceae:1(10.00%)	NCLDV__Algavirales:9(90.00%),PLV__NA:1(10.00%)	NCLDV__Megaviricetes:9(90.00%),PLV__MCP in Dinophyceae:1(10.00%)	NCLDV__Nucleocytoviricota:9(90.00%),PLV__MCP in Dinoflagellata:1(10.00%)	NCLDV:9(90.00%),PLV:1(10.00%)	0.86	1.10	61.89	1.93	clean	1	5	5	1.00	2	2	0/4	0	1	0.00	0/4	0.00	2	2	0	0	0	1	37257	29.79	47	92.89	codemeta
ERR14872782_NODE_68_length_51457_cov_9.528112	d_NCLDV;p_Nucleocytoviricota;c_Megaviricetes;o_Algavirales;f_AG_01;g_;s_	d_NCLDV;p_;c_;o_;f_;g_;s_	NCLDV__S31:2(33.33%),NCLDV__singleton:2(33.33%),NCLDV__S1151:1(16.67%),NCLDV__MCP in Longamoebia sp.2 P10K:1(16.67%)	NCLDV__g1068:2(33.33%),NCLDV__g1163:2(33.33%),NCLDV__g1065:1(16.67%),NCLDV__MCP in Longamoebia:1(16.67%)	NCLDV__AG_01:5(83.33%),NCLDV__NA:1(16.67%)	NCLDV__Algavirales:5(83.33%),NCLDV__NA:1(16.67%)	NCLDV__Megaviricetes:5(83.33%),NCLDV__NA:1(16.67%)	NCLDV__Nucleocytoviricota:5(83.33%),NCLDV__MCP in Amoebozoa:1(16.67%)	NCLDV:6(100.00%)	0.60	1.07	80.33	1.95	clean	0	1	1	1.00	2	2	0/4	0	0	0.00	0/4	0.00	2	3	0	0	0	1	51457	34.99	63	95.77	codemeta
ERR14872782_NODE_69_length_49813_cov_6.244564	d_NCLDV;p_Nucleocytoviricota;c_Megaviricetes;o_Imitervirales;f_IM_06;g_g1658;s_singleton	d_NCLDV;p_Nucleocytoviricota;c_Megaviricetes;o_Imitervirales;f_IM_06;g_g1658;s_singleton	NCLDV__singleton:1(100.00%)	NCLDV__g1658:1(100.00%)	NCLDV__IM_06:1(100.00%)	NCLDV__Imitervirales:1(100.00%)	NCLDV__Megaviricetes:1(100.00%)	NCLDV__Nucleocytoviricota:1(100.00%)	NCLDV:1(100.00%)	2.48	1.00	31.98	1.93	clean	0	1	1	1.00	0	0	0/4	0	0	0.00	0/4	0.00	0	0	0	0	0	1	49813	28.84	71	94.35	codemeta
